seed,mae
130, 3.2594341718972526
128, 2.9861545249890358
132, 2.777754383585627
123, 3.0477380361644753
126, 3.042179648765053
127, 2.9869776853812917
129, 3.029653402323394
131, 2.9671938319020477
125, 3.1723895551724928
124, 3.197190041190901
