split,mae
0, 3.197190041190901
1, 3.0477380361644753
2, 2.777754383585627
3, 3.1723895551724928
4, 3.042179648765053
5, 3.2594341718972526
6, 2.9861545249890358
7, 2.9869776853812917
8, 2.9671938319020477
9, 3.029653402323394
