split,mae
0, 2.840358619957466
1, 2.8730175201228474
2, 2.825074182293366
3, 3.134353764767981
4, 2.9098520552471268
5, 3.012519624119268
6, 3.203033245181602
7, 3.0460883500453373
8, 3.1073005884513623
9, 3.0479209736514066