split,mae
0,2.305899348216652
1,2.2889192482896776
2,2.442071659035375
3,2.330500047932003
4,2.364886697167547
5,2.450601445704761
6,2.41282110381804
7,2.5065879731019205
8,2.3442197381804033
9,2.2995662388309595
