seed,mae
131,2.305899348216652
123,2.330500047932003
126,2.450601445704761
130,2.2995662388309595
132,2.2889192482896776
128,2.5065879731019205
127,2.364886697167547
125,2.41282110381804
129,2.3442197381804033
124,2.442071659035375