split,mae
0, 2.4096468515107397
1, 2.3389999697503434
2, 2.3764740535603655 
3, 2.2800322137266016
4, 2.330687392503401
5, 2.4033495656384676
6, 2.3292781556443733
7, 2.22233745867256
8, 2.2357639131740044
9, 2.5708100278611097 
