split,mae
131, 5.185081411561294
129, 5.685332331760767
130, 4.906153474397242
127, 5.257590817779825
132, 5.289987344347695
128, 5.610446844497047
125, 5.362741012739704
126, 5.262955897643504
124, 5.4013754254653
123, 5.12928929027131
