seed,mae
128, 5.069851779447085
132, 5.375083532452673
131, 5.259253458166849
124, 5.6621453906918084
123, 5.10473506188664
129, 5.5134645699890985
126, 5.226703600251133
127, 5.037342380588378
125, 5.242804148356731
130, 4.972245937550968
