split,mae
0, 5.362741012739704
1, 5.262955897643504
2, 5.4013754254653
3, 5.12928929027131
4, 5.185081411561294
5, 5.289987344347695
6, 5.685332331760767
7, 4.906153474397242
8, 5.257590817779825
9, 5.610446844497047
