split,mae
0, 5.037342380588378
1, 5.069851779447085
2, 5.10473506188664
3, 5.6621453906918084
4, 5.242804148356731
5, 5.226703600251133
6, 5.5134645699890985
7, 4.972245937550968
8, 5.259253458166849
9, 5.375083532452673
