split,mae
0, 5.195287058056825
1, 5.199230219117337
2, 5.069362052389798
3, 5.425002762916565
4, 5.300461125928053
5, 5.369688221902003
6, 5.701084936360351
7, 5.317754888876771
8, 5.29620577681395
9, 5.4263330891071835
