split,mae
0, 5.060467398846868
1, 4.7512838577894065
2, 5.324016325198934
3, 5.094156585407037
4, 5.446732821392606
5, 5.1909084180185925
6, 5.202983215148941
7, 5.082328944920971
8, 4.9959103865014685
9, 4.767688581848433
