split,mae
0, 0.4631918951911081
1, 0.4269861477907166
2, 0.4689508238659121
3, 0.45644814503555825
4, 0.49414376177561076
5, 0.4197520657422086
6, 0.5802175506007841
7, 0.530398539117099
8, 0.46797455164515944
9, 0.2976316912718354