split,mae
0, 0.43355907353225814
1, 0.4409716554892135
2, 0.4479280603665952
3, 0.4275985226438163
4, 0.439298043647781
5, 0.47393487353556574
6, 0.528756009292716
7, 0.49844118276106913
8, 0.442905373368819
9, 0.2835741945490553
