seed,mae
126, 0.4275985226438163
124, 0.4409716554892135
127, 0.439298043647781
125, 0.4479280603665952
123, 0.43355907353225814
130, 0.528756009292716
129, 0.47393487353556574
132, 0.2835741945490553
131, 0.442905373368819
128, 0.49844118276106913
