seed,mae
129, 0.34933086838885247
124, 0.2949049402023904
127, 0.2556661795974251
128, 0.32323919601877216
131, 0.3541543555174589
126, 0.2576243962065836
125, 0.2432052929085557
130, 0.30820352363057535
132, 0.2034770790484849
123, 0.24859014679592198
