split, mae
0, 0.2555924747119751
1, 0.31611650527355445
2, 0.2992780913254287
3, 0.3368533736580586
4, 0.3332538444871246
5, 0.2916038847972278
6, 0.2888818135706154
7, 0.22205167164882886
8, 0.36626986688191093
9, 0.3540444202194087
