split,mae
0, 0.24859014679592198
1, 0.30820352363057535
2, 0.3541543555174589
3, 0.32323919601877216
4, 0.34933086838885247
5, 0.2034770790484849
6, 0.2576243962065836
7, 0.2556661795974251
8, 0.2949049402023904
9, 0.2432052929085557
